,지역명,규모구분,연도,월,분양가격(㎡),분양가격,평당분양가격
0,서울,전체,2015,10,5841,5841.0,19275.3
5,인천,전체,2015,10,3163,3163.0,10437.9
10,경기,전체,2015,10,3138,3138.0,10355.4
15,부산,전체,2015,10,3112,3112.0,10269.599999999999
20,대구,전체,2015,10,2682,2682.0,8850.6
25,광주,전체,2015,10,2420,2420.0,7986.0
30,대전,전체,2015,10,2454,2454.0,8098.2
35,울산,전체,2015,10,3053,3053.0,10074.9
40,세종,전체,2015,10,2642,2642.0,8718.6
45,강원,전체,2015,10,2167,2167.0,7151.099999999999
50,충북,전체,2015,10,2032,2032.0,6705.599999999999
55,충남,전체,2015,10,2099,2099.0,6926.7
60,전북,전체,2015,10,2054,2054.0,6778.2
65,전남,전체,2015,10,1925,1925.0,6352.5
70,경북,전체,2015,10,2148,2148.0,7088.4
75,경남,전체,2015,10,2291,2291.0,7560.299999999999
80,제주,전체,2015,10,2232,2232.0,7365.599999999999
85,서울,전체,2015,11,6050,6050.0,19965.0
90,인천,전체,2015,11,3184,3184.0,10507.199999999999
95,경기,전체,2015,11,3098,3098.0,10223.4
100,부산,전체,2015,11,3131,3131.0,10332.3
105,대구,전체,2015,11,2749,2749.0,9071.699999999999
110,광주,전체,2015,11,2424,2424.0,7999.2
115,대전,전체,2015,11,2454,2454.0,8098.2
120,울산,전체,2015,11,3043,3043.0,10041.9
125,세종,전체,2015,11,2648,2648.0,8738.4
130,강원,전체,2015,11,2171,2171.0,7164.299999999999
135,충북,전체,2015,11,2004,2004.0,6613.2
140,충남,전체,2015,11,2100,2100.0,6930.0
145,전북,전체,2015,11,2057,2057.0,6788.099999999999
150,전남,전체,2015,11,1909,1909.0,6299.7
155,경북,전체,2015,11,2190,2190.0,7227.0
160,경남,전체,2015,11,2298,2298.0,7583.4
165,제주,전체,2015,11,2232,2232.0,7365.599999999999
170,서울,전체,2015,12,6041,6041.0,19935.3
175,인천,전체,2015,12,3184,3184.0,10507.199999999999
180,경기,전체,2015,12,3198,3198.0,10553.4
185,부산,전체,2015,12,3127,3127.0,10319.099999999999
190,대구,전체,2015,12,2962,2962.0,9774.6
195,광주,전체,2015,12,2476,2476.0,8170.799999999999
200,대전,전체,2015,12,2454,2454.0,8098.2
205,울산,전체,2015,12,3043,3043.0,10041.9
210,세종,전체,2015,12,2665,2665.0,8794.5
215,강원,전체,2015,12,2171,2171.0,7164.299999999999
220,충북,전체,2015,12,2005,2005.0,6616.5
225,충남,전체,2015,12,2269,2269.0,7487.7
230,전북,전체,2015,12,1983,1983.0,6543.9
235,전남,전체,2015,12,1909,1909.0,6299.7
240,경북,전체,2015,12,2181,2181.0,7197.299999999999
245,경남,전체,2015,12,2307,2307.0,7613.099999999999
250,제주,전체,2015,12,2268,2268.0,7484.4
255,서울,전체,2016,1,6108,6108.0,20156.399999999998
260,인천,전체,2016,1,3191,3191.0,10530.3
265,경기,전체,2016,1,3198,3198.0,10553.4
270,부산,전체,2016,1,3152,3152.0,10401.599999999999
275,대구,전체,2016,1,3086,3086.0,10183.8
280,광주,전체,2016,1,2569,2569.0,8477.699999999999
285,대전,전체,2016,1,2454,2454.0,8098.2
290,울산,전체,2016,1,3046,3046.0,10051.8
295,세종,전체,2016,1,2665,2665.0,8794.5
300,강원,전체,2016,1,2173,2173.0,7170.9
305,충북,전체,2016,1,2008,2008.0,6626.4
310,충남,전체,2016,1,2270,2270.0,7491.0
315,전북,전체,2016,1,1980,1980.0,6534.0
320,전남,전체,2016,1,1909,1909.0,6299.7
325,경북,전체,2016,1,2181,2181.0,7197.299999999999
330,경남,전체,2016,1,2327,2327.0,7679.099999999999
335,제주,전체,2016,1,2268,2268.0,7484.4
340,서울,전체,2016,2,6111,6111.0,20166.3
345,인천,전체,2016,2,3192,3192.0,10533.599999999999
350,경기,전체,2016,2,3219,3219.0,10622.699999999999
355,부산,전체,2016,2,3154,3154.0,10408.199999999999
360,대구,전체,2016,2,3064,3064.0,10111.199999999999
365,광주,전체,2016,2,2569,2569.0,8477.699999999999
370,대전,전체,2016,2,2454,2454.0,8098.2
375,울산,전체,2016,2,3046,3046.0,10051.8
380,세종,전체,2016,2,2665,2665.0,8794.5
385,강원,전체,2016,2,2173,2173.0,7170.9
390,충북,전체,2016,2,2008,2008.0,6626.4
395,충남,전체,2016,2,2272,2272.0,7497.599999999999
400,전북,전체,2016,2,1980,1980.0,6534.0
405,전남,전체,2016,2,1923,1923.0,6345.9
410,경북,전체,2016,2,2179,2179.0,7190.7
415,경남,전체,2016,2,2358,2358.0,7781.4
420,제주,전체,2016,2,2268,2268.0,7484.4
425,서울,전체,2016,3,6173,6173.0,20370.899999999998
430,인천,전체,2016,3,3190,3190.0,10527.0
435,경기,전체,2016,3,3215,3215.0,10609.5
440,부산,전체,2016,3,3178,3178.0,10487.4
445,대구,전체,2016,3,3119,3119.0,10292.699999999999
450,광주,전체,2016,3,2590,2590.0,8547.0
455,대전,전체,2016,3,2454,2454.0,8098.2
460,울산,전체,2016,3,3066,3066.0,10117.8
465,세종,전체,2016,3,2670,2670.0,8811.0
470,강원,전체,2016,3,2194,2194.0,7240.2
475,충북,전체,2016,3,1980,1980.0,6534.0
480,충남,전체,2016,3,2115,2115.0,6979.5
485,전북,전체,2016,3,1951,1951.0,6438.299999999999
490,전남,전체,2016,3,1921,1921.0,6339.299999999999
495,경북,전체,2016,3,2179,2179.0,7190.7
500,경남,전체,2016,3,2383,2383.0,7863.9
505,제주,전체,2016,3,2314,2314.0,7636.2
510,서울,전체,2016,4,6241,6241.0,20595.3
515,인천,전체,2016,4,3238,3238.0,10685.4
520,경기,전체,2016,4,3199,3199.0,10556.699999999999
525,부산,전체,2016,4,3169,3169.0,10457.699999999999
530,대구,전체,2016,4,3132,3132.0,10335.599999999999
535,광주,전체,2016,4,2700,2700.0,8910.0
540,대전,전체,2016,4,2449,2449.0,8081.7
545,울산,전체,2016,4,3072,3072.0,10137.599999999999
550,세종,전체,2016,4,2680,2680.0,8844.0
555,강원,전체,2016,4,2140,2140.0,7062.0
560,충북,전체,2016,4,1968,1968.0,6494.4
565,충남,전체,2016,4,2169,2169.0,7157.7
570,전북,전체,2016,4,1909,1909.0,6299.7
575,전남,전체,2016,4,1925,1925.0,6352.5
580,경북,전체,2016,4,2177,2177.0,7184.099999999999
585,경남,전체,2016,4,2391,2391.0,7890.299999999999
590,제주,전체,2016,4,2719,2719.0,8972.699999999999
595,서울,전체,2016,5,6264,6264.0,20671.199999999997
600,인천,전체,2016,5,3179,3179.0,10490.699999999999
605,경기,전체,2016,5,3443,3443.0,11361.9
610,부산,전체,2016,5,3148,3148.0,10388.4
615,대구,전체,2016,5,3132,3132.0,10335.599999999999
620,광주,전체,2016,5,2722,2722.0,8982.6
625,대전,전체,2016,5,2465,2465.0,8134.5
630,울산,전체,2016,5,3077,3077.0,10154.099999999999
635,세종,전체,2016,5,2680,2680.0,8844.0
640,강원,전체,2016,5,2117,2117.0,6986.099999999999
645,충북,전체,2016,5,1980,1980.0,6534.0
650,충남,전체,2016,5,2166,2166.0,7147.799999999999
655,전북,전체,2016,5,1945,1945.0,6418.5
660,전남,전체,2016,5,1927,1927.0,6359.099999999999
665,경북,전체,2016,5,2176,2176.0,7180.799999999999
670,경남,전체,2016,5,2381,2381.0,7857.299999999999
675,제주,전체,2016,5,2691,2691.0,8880.3
680,서울,전체,2016,6,6208,6208.0,20486.399999999998
685,인천,전체,2016,6,3204,3204.0,10573.199999999999
690,경기,전체,2016,6,3542,3542.0,11688.599999999999
695,부산,전체,2016,6,3150,3150.0,10395.0
700,대구,전체,2016,6,3134,3134.0,10342.199999999999
705,광주,전체,2016,6,2737,2737.0,9032.1
710,대전,전체,2016,6,2562,2562.0,8454.6
715,울산,전체,2016,6,3069,3069.0,10127.699999999999
720,세종,전체,2016,6,2683,2683.0,8853.9
725,강원,전체,2016,6,2104,2104.0,6943.2
730,충북,전체,2016,6,2047,2047.0,6755.099999999999
735,충남,전체,2016,6,2198,2198.0,7253.4
740,전북,전체,2016,6,1931,1931.0,6372.299999999999
745,전남,전체,2016,6,1968,1968.0,6494.4
750,경북,전체,2016,6,2238,2238.0,7385.4
755,경남,전체,2016,6,2389,2389.0,7883.7
760,제주,전체,2016,6,2827,2827.0,9329.1
765,서울,전체,2016,7,6254,6254.0,20638.199999999997
770,인천,전체,2016,7,3222,3222.0,10632.599999999999
775,경기,전체,2016,7,3531,3531.0,11652.3
780,부산,전체,2016,7,3158,3158.0,10421.4
785,대구,전체,2016,7,3130,3130.0,10329.0
790,광주,전체,2016,7,2742,2742.0,9048.6
795,대전,전체,2016,7,2562,2562.0,8454.6
800,울산,전체,2016,7,3069,3069.0,10127.699999999999
805,세종,전체,2016,7,2687,2687.0,8867.1
810,강원,전체,2016,7,2101,2101.0,6933.299999999999
815,충북,전체,2016,7,2075,2075.0,6847.5
820,충남,전체,2016,7,2198,2198.0,7253.4
825,전북,전체,2016,7,1929,1929.0,6365.7
830,전남,전체,2016,7,1968,1968.0,6494.4
835,경북,전체,2016,7,2248,2248.0,7418.4
840,경남,전체,2016,7,2375,2375.0,7837.5
845,제주,전체,2016,7,2827,2827.0,9329.1
850,서울,전체,2016,8,6285,6285.0,20740.5
855,인천,전체,2016,8,3235,3235.0,10675.5
860,경기,전체,2016,8,3561,3561.0,11751.3
865,부산,전체,2016,8,3185,3185.0,10510.5
870,대구,전체,2016,8,3147,3147.0,10385.099999999999
875,광주,전체,2016,8,2726,2726.0,8995.8
880,대전,전체,2016,8,2562,2562.0,8454.6
885,울산,전체,2016,8,2976,2976.0,9820.8
890,세종,전체,2016,8,2694,2694.0,8890.199999999999
895,강원,전체,2016,8,2098,2098.0,6923.4
900,충북,전체,2016,8,2124,2124.0,7009.2
905,충남,전체,2016,8,2235,2235.0,7375.5
910,전북,전체,2016,8,1929,1929.0,6365.7
915,전남,전체,2016,8,1966,1966.0,6487.799999999999
920,경북,전체,2016,8,2238,2238.0,7385.4
925,경남,전체,2016,8,2384,2384.0,7867.2
930,제주,전체,2016,8,2878,2878.0,9497.4
935,서울,전체,2016,9,6283,6283.0,20733.899999999998
940,인천,전체,2016,9,3168,3168.0,10454.4
945,경기,전체,2016,9,3360,3360.0,11088.0
950,부산,전체,2016,9,3200,3200.0,10560.0
955,대구,전체,2016,9,3147,3147.0,10385.099999999999
960,광주,전체,2016,9,2721,2721.0,8979.3
965,대전,전체,2016,9,2517,2517.0,8306.1
970,울산,전체,2016,9,2976,2976.0,9820.8
975,세종,전체,2016,9,2689,2689.0,8873.699999999999
980,강원,전체,2016,9,2100,2100.0,6930.0
985,충북,전체,2016,9,2125,2125.0,7012.5
990,충남,전체,2016,9,2236,2236.0,7378.799999999999
995,전북,전체,2016,9,1925,1925.0,6352.5
1000,전남,전체,2016,9,1972,1972.0,6507.599999999999
1005,경북,전체,2016,9,2251,2251.0,7428.299999999999
1010,경남,전체,2016,9,2391,2391.0,7890.299999999999
1015,제주,전체,2016,9,3083,3083.0,10173.9
1020,서울,전체,2016,10,6400,6400.0,21120.0
1025,인천,전체,2016,10,3198,3198.0,10553.4
1030,경기,전체,2016,10,3431,3431.0,11322.3
1035,부산,전체,2016,10,3097,3097.0,10220.099999999999
1040,대구,전체,2016,10,3147,3147.0,10385.099999999999
1045,광주,전체,2016,10,2725,2725.0,8992.5
1050,대전,전체,2016,10,3066,3066.0,10117.8
1055,울산,전체,2016,10,3205,3205.0,10576.5
1060,세종,전체,2016,10,2700,2700.0,8910.0
1065,강원,전체,2016,10,2137,2137.0,7052.099999999999
1070,충북,전체,2016,10,2098,2098.0,6923.4
1075,충남,전체,2016,10,2247,2247.0,7415.099999999999
1080,전북,전체,2016,10,1927,1927.0,6359.099999999999
1085,전남,전체,2016,10,1982,1982.0,6540.599999999999
1090,경북,전체,2016,10,2294,2294.0,7570.2
1095,경남,전체,2016,10,2412,2412.0,7959.599999999999
1100,제주,전체,2016,10,3083,3083.0,10173.9
1105,서울,전체,2016,11,6370,6370.0,21021.0
1110,인천,전체,2016,11,3151,3151.0,10398.3
1115,경기,전체,2016,11,3546,3546.0,11701.8
1120,부산,전체,2016,11,3083,3083.0,10173.9
1125,대구,전체,2016,11,3109,3109.0,10259.699999999999
1130,광주,전체,2016,11,2775,2775.0,9157.5
1135,대전,전체,2016,11,2685,2685.0,8860.5
1140,울산,전체,2016,11,3260,3260.0,10758.0
1145,세종,전체,2016,11,2702,2702.0,8916.6
1150,강원,전체,2016,11,2071,2071.0,6834.299999999999
1155,충북,전체,2016,11,2125,2125.0,7012.5
1160,충남,전체,2016,11,2277,2277.0,7514.099999999999
1165,전북,전체,2016,11,1928,1928.0,6362.4
1170,전남,전체,2016,11,2056,2056.0,6784.799999999999
1175,경북,전체,2016,11,2294,2294.0,7570.2
1180,경남,전체,2016,11,2359,2359.0,7784.7
1185,제주,전체,2016,11,3107,3107.0,10253.099999999999
1190,서울,전체,2016,12,6443,6443.0,21261.899999999998
1195,인천,전체,2016,12,3132,3132.0,10335.599999999999
1200,경기,전체,2016,12,3555,3555.0,11731.5
1205,부산,전체,2016,12,3253,3253.0,10734.9
1210,대구,전체,2016,12,3144,3144.0,10375.199999999999
1215,광주,전체,2016,12,2783,2783.0,9183.9
1220,대전,전체,2016,12,2685,2685.0,8860.5
1225,울산,전체,2016,12,3260,3260.0,10758.0
1230,세종,전체,2016,12,2705,2705.0,8926.5
1235,강원,전체,2016,12,2087,2087.0,6887.099999999999
1240,충북,전체,2016,12,2081,2081.0,6867.299999999999
1245,충남,전체,2016,12,2274,2274.0,7504.2
1250,전북,전체,2016,12,2004,2004.0,6613.2
1255,전남,전체,2016,12,2078,2078.0,6857.4
1260,경북,전체,2016,12,2311,2311.0,7626.299999999999
1265,경남,전체,2016,12,2388,2388.0,7880.4
1270,제주,전체,2016,12,3132,3132.0,10335.599999999999
1275,서울,전체,2017,1,6450,6450.0,21285.0
1280,인천,전체,2017,1,3132,3132.0,10335.599999999999
1285,경기,전체,2017,1,3554,3554.0,11728.199999999999
1290,부산,전체,2017,1,3244,3244.0,10705.199999999999
1295,대구,전체,2017,1,3121,3121.0,10299.3
1300,광주,전체,2017,1,2778,2778.0,9167.4
1305,대전,전체,2017,1,2685,2685.0,8860.5
1310,울산,전체,2017,1,3260,3260.0,10758.0
1315,세종,전체,2017,1,2705,2705.0,8926.5
1320,강원,전체,2017,1,2085,2085.0,6880.5
1325,충북,전체,2017,1,2105,2105.0,6946.5
1330,충남,전체,2017,1,2235,2235.0,7375.5
1335,전북,전체,2017,1,2006,2006.0,6619.799999999999
1340,전남,전체,2017,1,2078,2078.0,6857.4
1345,경북,전체,2017,1,2312,2312.0,7629.599999999999
1350,경남,전체,2017,1,2390,2390.0,7887.0
1355,제주,전체,2017,1,3124,3124.0,10309.199999999999
1360,서울,전체,2017,2,6464,6464.0,21331.199999999997
1365,인천,전체,2017,2,3167,3167.0,10451.099999999999
1370,경기,전체,2017,2,3607,3607.0,11903.099999999999
1375,부산,전체,2017,2,3243,3243.0,10701.9
1380,대구,전체,2017,2,3158,3158.0,10421.4
1385,광주,전체,2017,2,2778,2778.0,9167.4
1390,대전,전체,2017,2,2721,2721.0,8979.3
1395,울산,전체,2017,2,3263,3263.0,10767.9
1400,세종,전체,2017,2,2705,2705.0,8926.5
1405,강원,전체,2017,2,2090,2090.0,6897.0
1410,충북,전체,2017,2,2044,2044.0,6745.2
1415,충남,전체,2017,2,2236,2236.0,7378.799999999999
1420,전북,전체,2017,2,2009,2009.0,6629.7
1425,전남,전체,2017,2,2093,2093.0,6906.9
1430,경북,전체,2017,2,2307,2307.0,7613.099999999999
1435,경남,전체,2017,2,2384,2384.0,7867.2
1440,제주,전체,2017,2,3134,3134.0,10342.199999999999
1445,서울,전체,2017,3,6370,6370.0,21021.0
1450,인천,전체,2017,3,3179,3179.0,10490.699999999999
1455,경기,전체,2017,3,3632,3632.0,11985.599999999999
1460,부산,전체,2017,3,3290,3290.0,10857.0
1465,대구,전체,2017,3,3200,3200.0,10560.0
1470,광주,전체,2017,3,2783,2783.0,9183.9
1475,대전,전체,2017,3,2721,2721.0,8979.3
1480,울산,전체,2017,3,3263,3263.0,10767.9
1485,세종,전체,2017,3,2705,2705.0,8926.5
1490,강원,전체,2017,3,2068,2068.0,6824.4
1495,충북,전체,2017,3,1976,1976.0,6520.799999999999
1500,충남,전체,2017,3,2237,2237.0,7382.099999999999
1505,전북,전체,2017,3,2044,2044.0,6745.2
1510,전남,전체,2017,3,2090,2090.0,6897.0
1515,경북,전체,2017,3,2291,2291.0,7560.299999999999
1520,경남,전체,2017,3,2407,2407.0,7943.099999999999
1525,제주,전체,2017,3,3097,3097.0,10220.099999999999
1530,서울,전체,2017,4,6366,6366.0,21007.8
1535,인천,전체,2017,4,3179,3179.0,10490.699999999999
1540,경기,전체,2017,4,3604,3604.0,11893.199999999999
1545,부산,전체,2017,4,3289,3289.0,10853.699999999999
1550,대구,전체,2017,4,3179,3179.0,10490.699999999999
1555,광주,전체,2017,4,2854,2854.0,9418.199999999999
1560,대전,전체,2017,4,2739,2739.0,9038.699999999999
1565,울산,전체,2017,4,3578,3578.0,11807.4
1570,세종,전체,2017,4,2729,2729.0,9005.699999999999
1575,강원,전체,2017,4,2068,2068.0,6824.4
1580,충북,전체,2017,4,2040,2040.0,6732.0
1585,충남,전체,2017,4,2221,2221.0,7329.299999999999
1590,전북,전체,2017,4,2105,2105.0,6946.5
1595,전남,전체,2017,4,2106,2106.0,6949.799999999999
1600,경북,전체,2017,4,2318,2318.0,7649.4
1605,경남,전체,2017,4,2401,2401.0,7923.299999999999
1610,제주,전체,2017,4,3323,3323.0,10965.9
1615,서울,전체,2017,5,6400,6400.0,21120.0
1620,인천,전체,2017,5,3291,3291.0,10860.3
1625,경기,전체,2017,5,3474,3474.0,11464.199999999999
1630,부산,전체,2017,5,3549,3549.0,11711.699999999999
1635,대구,전체,2017,5,3179,3179.0,10490.699999999999
1640,광주,전체,2017,5,2890,2890.0,9537.0
1645,대전,전체,2017,5,2739,2739.0,9038.699999999999
1650,울산,전체,2017,5,3578,3578.0,11807.4
1655,세종,전체,2017,5,2729,2729.0,9005.699999999999
1660,강원,전체,2017,5,2084,2084.0,6877.2
1665,충북,전체,2017,5,2050,2050.0,6765.0
1670,충남,전체,2017,5,2222,2222.0,7332.599999999999
1675,전북,전체,2017,5,2130,2130.0,7029.0
1680,전남,전체,2017,5,2165,2165.0,7144.5
1685,경북,전체,2017,5,2363,2363.0,7797.9
1690,경남,전체,2017,5,2418,2418.0,7979.4
1695,제주,전체,2017,5,3459,3459.0,11414.699999999999
1700,서울,전체,2017,6,6667,6667.0,22001.1
1705,인천,전체,2017,6,3326,3326.0,10975.8
1710,경기,전체,2017,6,3489,3489.0,11513.699999999999
1715,부산,전체,2017,6,3616,3616.0,11932.8
1720,대구,전체,2017,6,3246,3246.0,10711.8
1725,광주,전체,2017,6,2912,2912.0,9609.6
1730,대전,전체,2017,6,2739,2739.0,9038.699999999999
1735,울산,전체,2017,6,3582,3582.0,11820.599999999999
1740,세종,전체,2017,6,2733,2733.0,9018.9
1745,강원,전체,2017,6,2131,2131.0,7032.299999999999
1750,충북,전체,2017,6,2043,2043.0,6741.9
1755,충남,전체,2017,6,2274,2274.0,7504.2
1760,전북,전체,2017,6,2201,2201.0,7263.299999999999
1765,전남,전체,2017,6,2147,2147.0,7085.099999999999
1770,경북,전체,2017,6,2383,2383.0,7863.9
1775,경남,전체,2017,6,2444,2444.0,8065.2
1780,제주,전체,2017,6,3274,3274.0,10804.199999999999
1785,서울,전체,2017,7,6573,6573.0,21690.899999999998
1790,인천,전체,2017,7,3322,3322.0,10962.599999999999
1795,경기,전체,2017,7,3629,3629.0,11975.699999999999
1800,부산,전체,2017,7,3614,3614.0,11926.199999999999
1805,대구,전체,2017,7,3870,3870.0,12771.0
1810,광주,전체,2017,7,2894,2894.0,9550.199999999999
1815,대전,전체,2017,7,2738,2738.0,9035.4
1820,울산,전체,2017,7,3582,3582.0,11820.599999999999
1825,세종,전체,2017,7,2733,2733.0,9018.9
1830,강원,전체,2017,7,2146,2146.0,7081.799999999999
1835,충북,전체,2017,7,2043,2043.0,6741.9
1840,충남,전체,2017,7,2275,2275.0,7507.5
1845,전북,전체,2017,7,2195,2195.0,7243.5
1850,전남,전체,2017,7,2147,2147.0,7085.099999999999
1855,경북,전체,2017,7,2382,2382.0,7860.599999999999
1860,경남,전체,2017,7,2465,2465.0,8134.5
1865,제주,전체,2017,7,3335,3335.0,11005.5
1870,서울,전체,2017,8,6172,6172.0,20367.6
1875,인천,전체,2017,8,3273,3273.0,10800.9
1880,경기,전체,2017,8,3641,3641.0,12015.3
1885,부산,전체,2017,8,3589,3589.0,11843.699999999999
1890,대구,전체,2017,8,3994,3994.0,13180.199999999999
1895,광주,전체,2017,8,2903,2903.0,9579.9
1900,대전,전체,2017,8,2738,2738.0,9035.4
1905,울산,전체,2017,8,3582,3582.0,11820.599999999999
1910,세종,전체,2017,8,2734,2734.0,9022.199999999999
1915,강원,전체,2017,8,2268,2268.0,7484.4
1920,충북,전체,2017,8,2050,2050.0,6765.0
1925,충남,전체,2017,8,2257,2257.0,7448.099999999999
1930,전북,전체,2017,8,2209,2209.0,7289.7
1935,전남,전체,2017,8,2214,2214.0,7306.2
1940,경북,전체,2017,8,2441,2441.0,8055.299999999999
1945,경남,전체,2017,8,2515,2515.0,8299.5
1950,제주,전체,2017,8,3335,3335.0,11005.5
1955,서울,전체,2017,9,6507,6507.0,21473.1
1960,인천,전체,2017,9,3302,3302.0,10896.599999999999
1965,경기,전체,2017,9,3628,3628.0,11972.4
1970,부산,전체,2017,9,3594,3594.0,11860.199999999999
1975,대구,전체,2017,9,3839,3839.0,12668.699999999999
1980,광주,전체,2017,9,2945,2945.0,9718.5
1985,대전,전체,2017,9,2894,2894.0,9550.199999999999
1990,울산,전체,2017,9,3582,3582.0,11820.599999999999
1995,세종,전체,2017,9,2758,2758.0,9101.4
2000,강원,전체,2017,9,2235,2235.0,7375.5
2005,충북,전체,2017,9,2054,2054.0,6778.2
2010,충남,전체,2017,9,2257,2257.0,7448.099999999999
2015,전북,전체,2017,9,2219,2219.0,7322.7
2020,전남,전체,2017,9,2214,2214.0,7306.2
2025,경북,전체,2017,9,2429,2429.0,8015.7
2030,경남,전체,2017,9,2510,2510.0,8283.0
2035,제주,전체,2017,9,3222,3222.0,10632.599999999999
2040,서울,전체,2017,10,6578,6578.0,21707.399999999998
2045,인천,전체,2017,10,3300,3300.0,10890.0
2050,경기,전체,2017,10,3625,3625.0,11962.5
2055,부산,전체,2017,10,3723,3723.0,12285.9
2060,대구,전체,2017,10,3839,3839.0,12668.699999999999
2065,광주,전체,2017,10,2912,2912.0,9609.6
2070,대전,전체,2017,10,2729,2729.0,9005.699999999999
2075,울산,전체,2017,10,3385,3385.0,11170.5
2080,세종,전체,2017,10,2759,2759.0,9104.699999999999
2085,강원,전체,2017,10,2279,2279.0,7520.7
2090,충북,전체,2017,10,2060,2060.0,6798.0
2095,충남,전체,2017,10,2283,2283.0,7533.9
2100,전북,전체,2017,10,2182,2182.0,7200.599999999999
2105,전남,전체,2017,10,2305,2305.0,7606.5
2110,경북,전체,2017,10,2367,2367.0,7811.099999999999
2115,경남,전체,2017,10,2436,2436.0,8038.799999999999
2120,제주,전체,2017,10,3222,3222.0,10632.599999999999
2125,서울,전체,2017,11,"6,657",,
2130,인천,전체,2017,11,"3,300",,
2135,경기,전체,2017,11,"3,557",,
2140,부산,전체,2017,11,"3,820",,
2145,대구,전체,2017,11,"3,658",,
2150,광주,전체,2017,11,"2,895",,
2155,대전,전체,2017,11,"2,782",,
2160,울산,전체,2017,11,"3,374",,
2165,세종,전체,2017,11,"2,760",,
2170,강원,전체,2017,11,"2,319",,
2175,충북,전체,2017,11,"2,077",,
2180,충남,전체,2017,11,"2,258",,
2185,전북,전체,2017,11,"2,200",,
2190,전남,전체,2017,11,"2,389",,
2195,경북,전체,2017,11,"2,390",,
2200,경남,전체,2017,11,"2,621",,
2205,제주,전체,2017,11,"3,560",,
2210,서울,전체,2017,12,6706,6706.0,22129.8
2215,인천,전체,2017,12,3318,3318.0,10949.4
2220,경기,전체,2017,12,3617,3617.0,11936.099999999999
2225,부산,전체,2017,12,3842,3842.0,12678.599999999999
2230,대구,전체,2017,12,3561,3561.0,11751.3
2235,광주,전체,2017,12,2896,2896.0,9556.8
2240,대전,전체,2017,12,2706,2706.0,8929.8
2245,울산,전체,2017,12,3162,3162.0,10434.599999999999
2250,세종,전체,2017,12,3161,3161.0,10431.3
2255,강원,전체,2017,12,2302,2302.0,7596.599999999999
2260,충북,전체,2017,12,2077,2077.0,6854.099999999999
2265,충남,전체,2017,12,2357,2357.0,7778.099999999999
2270,전북,전체,2017,12,2226,2226.0,7345.799999999999
2275,전남,전체,2017,12,2400,2400.0,7920.0
2280,경북,전체,2017,12,2390,2390.0,7887.0
2285,경남,전체,2017,12,2696,2696.0,8896.8
2290,제주,전체,2017,12,3578,3578.0,11807.4
2295,서울,전체,2018,1,6623,6623.0,21855.899999999998
2300,인천,전체,2018,1,3333,3333.0,10998.9
2305,경기,전체,2018,1,3846,3846.0,12691.8
2310,부산,전체,2018,1,3842,3842.0,12678.599999999999
2315,대구,전체,2018,1,3585,3585.0,11830.5
2320,광주,전체,2018,1,2894,2894.0,9550.199999999999
2325,대전,전체,2018,1,2744,2744.0,9055.199999999999
2330,울산,전체,2018,1,3162,3162.0,10434.599999999999
2335,세종,전체,2018,1,3161,3161.0,10431.3
2340,강원,전체,2018,1,2324,2324.0,7669.2
2345,충북,전체,2018,1,2077,2077.0,6854.099999999999
2350,충남,전체,2018,1,2394,2394.0,7900.2
2355,전북,전체,2018,1,2226,2226.0,7345.799999999999
2360,전남,전체,2018,1,2400,2400.0,7920.0
2365,경북,전체,2018,1,2441,2441.0,8055.299999999999
2370,경남,전체,2018,1,2696,2696.0,8896.8
2375,제주,전체,2018,1,3636,3636.0,11998.8
2380,서울,전체,2018,2,6631,6631.0,21882.3
2385,인천,전체,2018,2,3342,3342.0,11028.599999999999
2390,경기,전체,2018,2,3876,3876.0,12790.8
2395,부산,전체,2018,2,3850,3850.0,12705.0
2400,대구,전체,2018,2,3364,3364.0,11101.199999999999
2405,광주,전체,2018,2,2894,2894.0,9550.199999999999
2410,대전,전체,2018,2,2887,2887.0,9527.1
2415,울산,전체,2018,2,3174,3174.0,10474.199999999999
2420,세종,전체,2018,2,3161,3161.0,10431.3
2425,강원,전체,2018,2,2323,2323.0,7665.9
2430,충북,전체,2018,2,2166,2166.0,7147.799999999999
2435,충남,전체,2018,2,2394,2394.0,7900.2
2440,전북,전체,2018,2,2273,2273.0,7500.9
2445,전남,전체,2018,2,2356,2356.0,7774.799999999999
2450,경북,전체,2018,2,2441,2441.0,8055.299999999999
2455,경남,전체,2018,2,2698,2698.0,8903.4
2460,제주,전체,2018,2,3829,3829.0,12635.699999999999
2465,서울,전체,2018,3,6836,6836.0,22558.8
2470,인천,전체,2018,3,3457,3457.0,11408.099999999999
2475,경기,전체,2018,3,3876,3876.0,12790.8
2480,부산,전체,2018,3,3817,3817.0,12596.099999999999
2485,대구,전체,2018,3,3392,3392.0,11193.599999999999
2490,광주,전체,2018,3,2930,2930.0,9669.0
2495,대전,전체,2018,3,2887,2887.0,9527.1
2500,울산,전체,2018,3,3174,3174.0,10474.199999999999
2505,세종,전체,2018,3,3161,3161.0,10431.3
2510,강원,전체,2018,3,2391,2391.0,7890.299999999999
2515,충북,전체,2018,3,2455,2455.0,8101.5
2520,충남,전체,2018,3,2394,2394.0,7900.2
2525,전북,전체,2018,3,2263,2263.0,7467.9
2530,전남,전체,2018,3,2348,2348.0,7748.4
2535,경북,전체,2018,3,2440,2440.0,8052.0
2540,경남,전체,2018,3,2697,2697.0,8900.1
2545,제주,전체,2018,3,3925,3925.0,12952.5
2550,서울,전체,2018,4,6841,6841.0,22575.3
2555,인천,전체,2018,4,3457,3457.0,11408.099999999999
2560,경기,전체,2018,4,3859,3859.0,12734.699999999999
2565,부산,전체,2018,4,3863,3863.0,12747.9
2570,대구,전체,2018,4,3524,3524.0,11629.199999999999
2575,광주,전체,2018,4,2885,2885.0,9520.5
2580,대전,전체,2018,4,2972,2972.0,9807.6
2585,울산,전체,2018,4,3174,3174.0,10474.199999999999
2590,세종,전체,2018,4,3131,3131.0,10332.3
2595,강원,전체,2018,4,2277,2277.0,7514.099999999999
2600,충북,전체,2018,4,2631,2631.0,8682.3
2605,충남,전체,2018,4,2394,2394.0,7900.2
2610,전북,전체,2018,4,2317,2317.0,7646.099999999999
2615,전남,전체,2018,4,2355,2355.0,7771.5
2620,경북,전체,2018,4,2440,2440.0,8052.0
2625,경남,전체,2018,4,2690,2690.0,8877.0
2630,제주,전체,2018,4,3925,3925.0,12952.5
2635,서울,전체,2018,5,6919,6919.0,22832.699999999997
2640,인천,전체,2018,5,3436,3436.0,11338.8
2645,경기,전체,2018,5,3987,3987.0,13157.099999999999
2650,부산,전체,2018,5,3853,3853.0,12714.9
2655,대구,전체,2018,5,3651,3651.0,12048.3
2660,광주,전체,2018,5,2906,2906.0,9589.8
2665,대전,전체,2018,5,2972,2972.0,9807.6
2670,울산,전체,2018,5,3174,3174.0,10474.199999999999
2675,세종,전체,2018,5,3131,3131.0,10332.3
2680,강원,전체,2018,5,2289,2289.0,7553.7
2685,충북,전체,2018,5,2636,2636.0,8698.8
2690,충남,전체,2018,5,2453,2453.0,8094.9
2695,전북,전체,2018,5,2326,2326.0,7675.799999999999
2700,전남,전체,2018,5,2356,2356.0,7774.799999999999
2705,경북,전체,2018,5,2628,2628.0,8672.4
2710,경남,전체,2018,5,2695,2695.0,8893.5
2715,제주,전체,2018,5,3925,3925.0,12952.5
2720,서울,전체,2018,6,6694,6694.0,22090.199999999997
2725,인천,전체,2018,6,3372,3372.0,11127.599999999999
2730,경기,전체,2018,6,3927,3927.0,12959.099999999999
2735,부산,전체,2018,6,3884,3884.0,12817.199999999999
2740,대구,전체,2018,6,3669,3669.0,12107.699999999999
2745,광주,전체,2018,6,3000,3000.0,9900.0
2750,대전,전체,2018,6,2972,2972.0,9807.6
2755,울산,전체,2018,6,3125,3125.0,10312.5
2760,세종,전체,2018,6,3131,3131.0,10332.3
2765,강원,전체,2018,6,2292,2292.0,7563.599999999999
2770,충북,전체,2018,6,2386,2386.0,7873.799999999999
2775,충남,전체,2018,6,2467,2467.0,8141.099999999999
2780,전북,전체,2018,6,2326,2326.0,7675.799999999999
2785,전남,전체,2018,6,2356,2356.0,7774.799999999999
2790,경북,전체,2018,6,2631,2631.0,8682.3
2795,경남,전체,2018,6,2695,2695.0,8893.5
2800,제주,전체,2018,6,3925,3925.0,12952.5
2805,서울,전체,2018,7,6820,6820.0,22506.0
2810,인천,전체,2018,7,3372,3372.0,11127.599999999999
2815,경기,전체,2018,7,3952,3952.0,13041.599999999999
2820,부산,전체,2018,7,3950,3950.0,13035.0
2825,대구,전체,2018,7,3712,3712.0,12249.599999999999
2830,광주,전체,2018,7,2935,2935.0,9685.5
2835,대전,전체,2018,7,2939,2939.0,9698.699999999999
2840,울산,전체,2018,7,3125,3125.0,10312.5
2845,세종,전체,2018,7,3131,3131.0,10332.3
2850,강원,전체,2018,7,2312,2312.0,7629.599999999999
2855,충북,전체,2018,7,2390,2390.0,7887.0
2860,충남,전체,2018,7,2467,2467.0,8141.099999999999
2865,전북,전체,2018,7,2333,2333.0,7698.9
2870,전남,전체,2018,7,2357,2357.0,7778.099999999999
2875,경북,전체,2018,7,2674,2674.0,8824.199999999999
2880,경남,전체,2018,7,2696,2696.0,8896.8
2885,제주,전체,2018,7,3334,3334.0,11002.199999999999
2890,서울,전체,2018,8,6731,6731.0,22212.3
2895,인천,전체,2018,8,3343,3343.0,11031.9
2900,경기,전체,2018,8,4070,4070.0,13431.0
2905,부산,전체,2018,8,3972,3972.0,13107.599999999999
2910,대구,전체,2018,8,3726,3726.0,12295.8
2915,광주,전체,2018,8,2935,2935.0,9685.5
2920,대전,전체,2018,8,2939,2939.0,9698.699999999999
2925,울산,전체,2018,8,3125,3125.0,10312.5
2930,세종,전체,2018,8,3148,3148.0,10388.4
2935,강원,전체,2018,8,2324,2324.0,7669.2
2940,충북,전체,2018,8,2390,2390.0,7887.0
2945,충남,전체,2018,8,2446,2446.0,8071.799999999999
2950,전북,전체,2018,8,2311,2311.0,7626.299999999999
2955,전남,전체,2018,8,2357,2357.0,7778.099999999999
2960,경북,전체,2018,8,2603,2603.0,8589.9
2965,경남,전체,2018,8,2661,2661.0,8781.3
2970,제주,전체,2018,8,3334,3334.0,11002.199999999999
2975,서울,전체,2018,9,6994,6994.0,23080.199999999997
2980,인천,전체,2018,9,3343,3343.0,11031.9
2985,경기,전체,2018,9,4094,4094.0,13510.199999999999
2990,부산,전체,2018,9,4090,4090.0,13497.0
2995,대구,전체,2018,9,3740,3740.0,12342.0
3000,광주,전체,2018,9,2931,2931.0,9672.3
3005,대전,전체,2018,9,3367,3367.0,11111.099999999999
3010,울산,전체,2018,9,3125,3125.0,10312.5
3015,세종,전체,2018,9,3148,3148.0,10388.4
3020,강원,전체,2018,9,2329,2329.0,7685.7
3025,충북,전체,2018,9,2384,2384.0,7867.2
3030,충남,전체,2018,9,2446,2446.0,8071.799999999999
3035,전북,전체,2018,9,2311,2311.0,7626.299999999999
3040,전남,전체,2018,9,2352,2352.0,7761.599999999999
3045,경북,전체,2018,9,2643,2643.0,8721.9
3050,경남,전체,2018,9,2746,2746.0,9061.8
3055,제주,전체,2018,9,3334,3334.0,11002.199999999999
3060,서울,전체,2018,10,7378,7378.0,24347.399999999998
3065,인천,전체,2018,10,3440,3440.0,11352.0
3070,경기,전체,2018,10,4136,4136.0,13648.8
3075,부산,전체,2018,10,4036,4036.0,13318.8
3080,대구,전체,2018,10,3799,3799.0,12536.699999999999
3085,광주,전체,2018,10,3044,3044.0,10045.199999999999
3090,대전,전체,2018,10,3350,3350.0,11055.0
3095,울산,전체,2018,10,2890,2890.0,9537.0
3100,세종,전체,2018,10,3148,3148.0,10388.4
3105,강원,전체,2018,10,2357,2357.0,7778.099999999999
3110,충북,전체,2018,10,2384,2384.0,7867.2
3115,충남,전체,2018,10,2446,2446.0,8071.799999999999
3120,전북,전체,2018,10,2321,2321.0,7659.299999999999
3125,전남,전체,2018,10,2360,2360.0,7788.0
3130,경북,전체,2018,10,2625,2625.0,8662.5
3135,경남,전체,2018,10,2795,2795.0,9223.5
3140,제주,전체,2018,10,3334,3334.0,11002.199999999999
3145,서울,전체,2018,11,7369,7369.0,24317.699999999997
3150,인천,전체,2018,11,3553,3553.0,11724.9
3155,경기,전체,2018,11,4151,4151.0,13698.3
3160,부산,전체,2018,11,4040,4040.0,13332.0
3165,대구,전체,2018,11,3825,3825.0,12622.5
3170,광주,전체,2018,11,3201,3201.0,10563.3
3175,대전,전체,2018,11,3350,3350.0,11055.0
3180,울산,전체,2018,11,2890,2890.0,9537.0
3185,세종,전체,2018,11,3148,3148.0,10388.4
3190,강원,전체,2018,11,2386,2386.0,7873.799999999999
3195,충북,전체,2018,11,2367,2367.0,7811.099999999999
3200,충남,전체,2018,11,2421,2421.0,7989.299999999999
3205,전북,전체,2018,11,2343,2343.0,7731.9
3210,전남,전체,2018,11,2338,2338.0,7715.4
3215,경북,전체,2018,11,2681,2681.0,8847.3
3220,경남,전체,2018,11,2797,2797.0,9230.1
3225,제주,전체,2018,11,3314,3314.0,10936.199999999999
3230,서울,전체,2018,12,7398,7398.0,24413.399999999998
3235,인천,전체,2018,12,3548,3548.0,11708.4
3240,경기,전체,2018,12,4175,4175.0,13777.5
3245,부산,전체,2018,12,4068,4068.0,13424.4
3250,대구,전체,2018,12,3925,3925.0,12952.5
3255,광주,전체,2018,12,3284,3284.0,10837.199999999999
3260,대전,전체,2018,12,3640,3640.0,12012.0
3265,울산,전체,2018,12,,,
3270,세종,전체,2018,12,3055,3055.0,10081.5
3275,강원,전체,2018,12,2326,2326.0,7675.799999999999
3280,충북,전체,2018,12,2367,2367.0,7811.099999999999
3285,충남,전체,2018,12,2415,2415.0,7969.5
3290,전북,전체,2018,12,2380,2380.0,7854.0
3295,전남,전체,2018,12,2389,2389.0,7883.7
3300,경북,전체,2018,12,2681,2681.0,8847.3
3305,경남,전체,2018,12,2932,2932.0,9675.6
3310,제주,전체,2018,12,3424,3424.0,11299.199999999999
3315,서울,전체,2019,1,7600,7600.0,25080.0
3320,인천,전체,2019,1,3583,3583.0,11823.9
3325,경기,전체,2019,1,4258,4258.0,14051.4
3330,부산,전체,2019,1,4068,4068.0,13424.4
3335,대구,전체,2019,1,3983,3983.0,13143.9
3340,광주,전체,2019,1,3311,3311.0,10926.3
3345,대전,전체,2019,1,3689,3689.0,12173.699999999999
3350,울산,전체,2019,1,,,
3355,세종,전체,2019,1,3055,3055.0,10081.5
3360,강원,전체,2019,1,2359,2359.0,7784.7
3365,충북,전체,2019,1,2367,2367.0,7811.099999999999
3370,충남,전체,2019,1,2463,2463.0,8127.9
3375,전북,전체,2019,1,2380,2380.0,7854.0
3380,전남,전체,2019,1,2414,2414.0,7966.2
3385,경북,전체,2019,1,2638,2638.0,8705.4
3390,경남,전체,2019,1,2932,2932.0,9675.6
3395,제주,전체,2019,1,3424,3424.0,11299.199999999999
3400,서울,전체,2019,2,7627,7627.0,25169.1
3405,인천,전체,2019,2,3590,3590.0,11847.0
3410,경기,전체,2019,2,4256,4256.0,14044.8
3415,부산,전체,2019,2,4068,4068.0,13424.4
3420,대구,전체,2019,2,3988,3988.0,13160.4
3425,광주,전체,2019,2,3311,3311.0,10926.3
3430,대전,전체,2019,2,3689,3689.0,12173.699999999999
3435,울산,전체,2019,2,,,
3440,세종,전체,2019,2,3055,3055.0,10081.5
3445,강원,전체,2019,2,2359,2359.0,7784.7
3450,충북,전체,2019,2,2288,2288.0,7550.4
3455,충남,전체,2019,2,2571,2571.0,8484.3
3460,전북,전체,2019,2,2386,2386.0,7873.799999999999
3465,전남,전체,2019,2,2412,2412.0,7959.599999999999
3470,경북,전체,2019,2,2652,2652.0,8751.6
3475,경남,전체,2019,2,2932,2932.0,9675.6
3480,제주,전체,2019,2,3424,3424.0,11299.199999999999
3485,서울,전체,2019,3,7772,7772.0,25647.6
3490,인천,전체,2019,3,3682,3682.0,12150.599999999999
3495,경기,전체,2019,3,4369,4369.0,14417.699999999999
3500,부산,전체,2019,3,4068,4068.0,13424.4
3505,대구,전체,2019,3,3975,3975.0,13117.5
3510,광주,전체,2019,3,3311,3311.0,10926.3
3515,대전,전체,2019,3,3610,3610.0,11913.0
3520,울산,전체,2019,3,,,
3525,세종,전체,2019,3,3055,3055.0,10081.5
3530,강원,전체,2019,3,2405,2405.0,7936.5
3535,충북,전체,2019,3,2291,2291.0,7560.299999999999
3540,충남,전체,2019,3,2597,2597.0,8570.1
3545,전북,전체,2019,3,2452,2452.0,8091.599999999999
3550,전남,전체,2019,3,2388,2388.0,7880.4
3555,경북,전체,2019,3,2649,2649.0,8741.699999999999
3560,경남,전체,2019,3,2877,2877.0,9494.1
3565,제주,전체,2019,3,3424,3424.0,11299.199999999999
3570,서울,전체,2019,4,7784,7784.0,25687.199999999997
3575,인천,전체,2019,4,3682,3682.0,12150.599999999999
3580,경기,전체,2019,4,4411,4411.0,14556.3
3585,부산,전체,2019,4,3927,3927.0,12959.099999999999
3590,대구,전체,2019,4,4015,4015.0,13249.5
3595,광주,전체,2019,4,3313,3313.0,10932.9
3600,대전,전체,2019,4,3582,3582.0,11820.599999999999
3605,울산,전체,2019,4,,,
3610,세종,전체,2019,4,3458,3458.0,11411.4
3615,강원,전체,2019,4,2534,2534.0,8362.199999999999
3620,충북,전체,2019,4,2302,2302.0,7596.599999999999
3625,충남,전체,2019,4,2609,2609.0,8609.699999999999
3630,전북,전체,2019,4,2410,2410.0,7953.0
3635,전남,전체,2019,4,2310,2310.0,7623.0
3640,경북,전체,2019,4,2619,2619.0,8642.699999999999
3645,경남,전체,2019,4,2833,2833.0,9348.9
3650,제주,전체,2019,4,3441,3441.0,11355.3
3655,서울,전체,2019,5,7786,7786.0,25693.8
3660,인천,전체,2019,5,3881,3881.0,12807.3
3665,경기,전체,2019,5,4351,4351.0,14358.3
3670,부산,전체,2019,5,3924,3924.0,12949.199999999999
3675,대구,전체,2019,5,4115,4115.0,13579.5
3680,광주,전체,2019,5,3516,3516.0,11602.8
3685,대전,전체,2019,5,3582,3582.0,11820.599999999999
3690,울산,전체,2019,5,-,,
3695,세종,전체,2019,5,3458,3458.0,11411.4
3700,강원,전체,2019,5,2496,2496.0,8236.8
3705,충북,전체,2019,5,2297,2297.0,7580.099999999999
3710,충남,전체,2019,5,2702,2702.0,8916.6
3715,전북,전체,2019,5,2469,2469.0,8147.7
3720,전남,전체,2019,5,2268,2268.0,7484.4
3725,경북,전체,2019,5,2539,2539.0,8378.699999999999
3730,경남,전체,2019,5,2941,2941.0,9705.3
3735,제주,전체,2019,5,3441,3441.0,11355.3
3740,서울,전체,2019,6,8100,8100.0,26730.0
3745,인천,전체,2019,6,3887,3887.0,12827.099999999999
3750,경기,전체,2019,6,4531,4531.0,14952.3
3755,부산,전체,2019,6,3906,3906.0,12889.8
3760,대구,전체,2019,6,4166,4166.0,13747.8
3765,광주,전체,2019,6,3595,3595.0,11863.5
3770,대전,전체,2019,6,3476,3476.0,11470.8
3775,울산,전체,2019,6,,,
3780,세종,전체,2019,6,3458,3458.0,11411.4
3785,강원,전체,2019,6,2508,2508.0,8276.4
3790,충북,전체,2019,6,2327,2327.0,7679.099999999999
3795,충남,전체,2019,6,2618,2618.0,8639.4
3800,전북,전체,2019,6,2469,2469.0,8147.7
3805,전남,전체,2019,6,2320,2320.0,7656.0
3810,경북,전체,2019,6,2539,2539.0,8378.699999999999
3815,경남,전체,2019,6,2967,2967.0,9791.1
3820,제주,전체,2019,6,3744,3744.0,12355.199999999999
3825,서울,전체,2019,7,8067,8067.0,26621.1
3830,인천,전체,2019,7,3887,3887.0,12827.099999999999
3835,경기,전체,2019,7,4287,4287.0,14147.099999999999
3840,부산,전체,2019,7,3872,3872.0,12777.599999999999
3845,대구,전체,2019,7,4297,4297.0,14180.099999999999
3850,광주,전체,2019,7,3752,3752.0,12381.599999999999
3855,대전,전체,2019,7,3477,3477.0,11474.099999999999
3860,울산,전체,2019,7,,,
3865,세종,전체,2019,7,3458,3458.0,11411.4
3870,강원,전체,2019,7,2491,2491.0,8220.3
3875,충북,전체,2019,7,2290,2290.0,7557.0
3880,충남,전체,2019,7,2670,2670.0,8811.0
3885,전북,전체,2019,7,2488,2488.0,8210.4
3890,전남,전체,2019,7,2340,2340.0,7722.0
3895,경북,전체,2019,7,2539,2539.0,8378.699999999999
3900,경남,전체,2019,7,2967,2967.0,9791.1
3905,제주,전체,2019,7,3869,3869.0,12767.699999999999
3910,서울,전체,2019,8,8093,8093.0,26706.899999999998
3915,인천,전체,2019,8,3941,3941.0,13005.3
3920,경기,전체,2019,8,4343,4343.0,14331.9
3925,부산,전체,2019,8,3931,3931.0,12972.3
3930,대구,전체,2019,8,4315,4315.0,14239.5
3935,광주,전체,2019,8,3721,3721.0,12279.3
3940,대전,전체,2019,8,3385,3385.0,11170.5
3945,울산,전체,2019,8,,,
3950,세종,전체,2019,8,3458,3458.0,11411.4
3955,강원,전체,2019,8,2492,2492.0,8223.6
3960,충북,전체,2019,8,2239,2239.0,7388.7
3965,충남,전체,2019,8,2641,2641.0,8715.3
3970,전북,전체,2019,8,2630,2630.0,8679.0
3975,전남,전체,2019,8,2344,2344.0,7735.2
3980,경북,전체,2019,8,2631,2631.0,8682.3
3985,경남,전체,2019,8,2977,2977.0,9824.1
3990,제주,전체,2019,8,3869,3869.0,12767.699999999999
3995,서울,전체,2019,9,8085,8085.0,26680.5
4000,인천,전체,2019,9,3941,3941.0,13005.3
4005,경기,전체,2019,9,4441,4441.0,14655.3
4010,부산,전체,2019,9,4023,4023.0,13275.9
4015,대구,전체,2019,9,4358,4358.0,14381.4
4020,광주,전체,2019,9,3721,3721.0,12279.3
4025,대전,전체,2019,9,3442,3442.0,11358.599999999999
4030,울산,전체,2019,9,2725,2725.0,8992.5
4035,세종,전체,2019,9,3458,3458.0,11411.4
4040,강원,전체,2019,9,2482,2482.0,8190.599999999999
4045,충북,전체,2019,9,2263,2263.0,7467.9
4050,충남,전체,2019,9,2583,2583.0,8523.9
4055,전북,전체,2019,9,2630,2630.0,8679.0
4060,전남,전체,2019,9,2481,2481.0,8187.299999999999
4065,경북,전체,2019,9,2658,2658.0,8771.4
4070,경남,전체,2019,9,2995,2995.0,9883.5
4075,제주,전체,2019,9,3869,3869.0,12767.699999999999
4080,서울,전체,2019,10,8091,8091.0,26700.3
4085,인천,전체,2019,10,3947,3947.0,13025.099999999999
4090,경기,전체,2019,10,4421,4421.0,14589.3
4095,부산,전체,2019,10,4040,4040.0,13332.0
4100,대구,전체,2019,10,4405,4405.0,14536.5
4105,광주,전체,2019,10,3771,3771.0,12444.3
4110,대전,전체,2019,10,3632,3632.0,11985.599999999999
4115,울산,전체,2019,10,3140,3140.0,10362.0
4120,세종,전체,2019,10,3458,3458.0,11411.4
4125,강원,전체,2019,10,2460,2460.0,8118.0
4130,충북,전체,2019,10,2272,2272.0,7497.599999999999
4135,충남,전체,2019,10,2602,2602.0,8586.6
4140,전북,전체,2019,10,2556,2556.0,8434.8
4145,전남,전체,2019,10,2494,2494.0,8230.199999999999
4150,경북,전체,2019,10,2914,2914.0,9616.199999999999
4155,경남,전체,2019,10,3209,3209.0,10589.699999999999
4160,제주,전체,2019,10,3869,3869.0,12767.699999999999
4165,서울,전체,2019,11,8062,8062.0,26604.6
4170,인천,전체,2019,11,3922,3922.0,12942.599999999999
4175,경기,전체,2019,11,4453,4453.0,14694.9
4180,부산,전체,2019,11,3985,3985.0,13150.5
4185,대구,전체,2019,11,4382,4382.0,14460.599999999999
4190,광주,전체,2019,11,3836,3836.0,12658.8
4195,대전,전체,2019,11,3632,3632.0,11985.599999999999
4200,울산,전체,2019,11,3140,3140.0,10362.0
4205,세종,전체,2019,11,3458,3458.0,11411.4
4210,강원,전체,2019,11,2510,2510.0,8283.0
4215,충북,전체,2019,11,2303,2303.0,7599.9
4220,충남,전체,2019,11,2602,2602.0,8586.6
4225,전북,전체,2019,11,2468,2468.0,8144.4
4230,전남,전체,2019,11,2513,2513.0,8292.9
4235,경북,전체,2019,11,2914,2914.0,9616.199999999999
4240,경남,전체,2019,11,3201,3201.0,10563.3
4245,제주,전체,2019,11,3882,3882.0,12810.599999999999
